{"stats":{"minecraft:mined":{"minecraft:short_grass":3,"minecraft:tall_grass":7},"minecraft:custom":{"minecraft:jump":72,"minecraft:open_chest":2,"minecraft:time_since_rest":3910,"minecraft:damage_dealt":180,"minecraft:leave_game":1,"minecraft:sprint_one_cm":7312,"minecraft:play_time":3910,"minecraft:damage_taken":38,"minecraft:time_since_death":3910,"minecraft:walk_one_cm":4520,"minecraft:sneak_time":14,"minecraft:total_world_time":3910,"minecraft:mob_kills":2,"minecraft:fall_one_cm":2342,"minecraft:fly_one_cm":39077},"minecraft:picked_up":{"minecraft:mutton":1,"minecraft:white_wool":1,"minecraft:porkchop":3},"minecraft:killed":{"minecraft:sheep":1,"minecraft:pig":1},"minecraft:used":{"minecraft:golden_sword":4,"minecraft:golden_helmet":1}},"DataVersion":3953}